Title,Date
"Rick and Morty: Season 1: Pilot","04/01/2023"
"Rick and Morty: Season 5: Rickmurai Jack","04/01/2023"
"Friends: Season 4: The One with Ross's Wedding: Part 1","04/01/2023"
"Friends: Season 4: The One with the Worst Best Man Ever","04/01/2023"
"Friends: Season 4: The One with the Invitation","03/01/2023"
"Friends: Season 4: The One with the Wedding Dresses","03/01/2023"
"Friends: Season 4: The One with All the Haste","03/01/2023"
"Friends: Season 4: The One with Rachel's New Dress","31/12/2022"
"Friends: Season 4: The One with All the Rugby","28/12/2022"
"Inkheart","21/12/2022"
"Monster House","21/12/2022"
"Friends: Season 8: The One with the Secret Closet","20/12/2022"
"Friends: Season 8: The One with the Halloween Party","18/12/2022"
"Friends: Season 6: The One That Could Have Been: Part 2","18/12/2022"
"Urvasivo Rakshasivo","16/12/2022"
"1899: The Ship","16/12/2022"
"Harry & Meghan: Limited Series: Episode 4","15/12/2022"
"Harry & Meghan: Limited Series: Episode 3","15/12/2022"
"Harry & Meghan: Limited Series: Episode 2","15/12/2022"
"Harry & Meghan: Limited Series: Episode 1","15/12/2022"
"Wednesday: If You Don't Woe Me by Now","12/12/2022"
"Wednesday: Woe What a Night","08/12/2022"
"Wednesday: Friend or Woe","08/12/2022"
"The Princess Switch: Switched Again","06/12/2022"
"Manifest: Season 4: Touch-and-Go","07/11/2022"
"The Vampire Diaries: Season 8: I Was Feeling Epic","02/11/2022"
"Ranga Ranga Vaibhavanga","14/10/2022"
"Friends: Season 8: The One with the Rumor","08/10/2022"
"The Crown: Season 1: Hyde Park Corner","28/09/2022"
"Diana, Princess of Wales: A Celebration of a Life","23/09/2022"
"The Crown: Season 1: Wolferton Splash","18/09/2022"
"Escape Plan","09/09/2022"
"The Next 365 Days","05/09/2022"
"Friends: Season 2: The One with Barry and Mindy's Wedding","03/09/2022"
"Love in the Villa","02/09/2022"
"365 Days: This Day","29/08/2022"
"F3: Fun and Frustration","17/08/2022"
"Friends: Season 5: The One Where Everybody Finds Out","16/08/2022"
"Demon Slayer: Kimetsu no Yaiba: Tanjiro Kamado, Unwavering Resolve Arc: The Boar Bares Its Fangs, Zenitsu Sleeps","29/07/2022"
"Demon Slayer: Kimetsu no Yaiba: Tanjiro Kamado, Unwavering Resolve Arc: Tsuzumi Mansion","28/07/2022"
"Tamasha","24/07/2022"
"Demon Slayer: Kimetsu no Yaiba: Tanjiro Kamado, Unwavering Resolve Arc: Together Forever","23/07/2022"
"Demon Slayer: Kimetsu no Yaiba: Tanjiro Kamado, Unwavering Resolve Arc: Temari Demon and Arrow Demon","23/07/2022"
"Demon Slayer: Kimetsu no Yaiba: Tanjiro Kamado, Unwavering Resolve Arc: The Smell of Enchanting Blood","23/07/2022"
"Demon Slayer: Kimetsu no Yaiba: Tanjiro Kamado, Unwavering Resolve Arc: Muzan Kibutsuji","21/07/2022"
"Demon Slayer: Kimetsu no Yaiba: Tanjiro Kamado, Unwavering Resolve Arc: Swordsman Accompanying a Demon","21/07/2022"
"Demon Slayer: Kimetsu no Yaiba: Tanjiro Kamado, Unwavering Resolve Arc: My Own Steel","21/07/2022"
"Demon Slayer: Kimetsu no Yaiba: Tanjiro Kamado, Unwavering Resolve Arc: Final Selection","21/07/2022"
"Demon Slayer: Kimetsu no Yaiba: Tanjiro Kamado, Unwavering Resolve Arc: Sabito and Makomo","20/07/2022"
"Demon Slayer: Kimetsu no Yaiba: Tanjiro Kamado, Unwavering Resolve Arc: Trainer Sakonji Urokodaki","20/07/2022"
"Demon Slayer: Kimetsu no Yaiba: Tanjiro Kamado, Unwavering Resolve Arc: Cruelty","18/07/2022"
"Om Shanti Om","18/07/2022"
"Kung Fu Panda: The Dragon Knight: Season 1: The Knight's Code","17/07/2022"
"Kung Fu Panda: The Dragon Knight: Season 1: A Cause for the Paws","17/07/2022"
"Friends: Season 5: The One with Joey's Bag","01/07/2022"
"Friends: Season 9: The One in Barbados","30/06/2022"
"Friends: Season 9: The One with Phoebe's Birthday Dinner","30/06/2022"
"Friends: Season 9: The One with the Sharks","30/06/2022"
"The Vampire Diaries: Season 8: We're Planning a June Wedding","25/06/2022"
"Friends: Season 10: The One Where Ross Is Fine","24/06/2022"
"Friends: Season 10: The One Where the Stripper Cries","24/06/2022"
"Friends: Season 2: The One Where Ross and Rachel...You Know","20/06/2022"
"Friends: Season 2: The One with the Prom Video","20/06/2022"
"Bridgerton: Season 2: A Bee in Your Bonnet","17/06/2022"
"Stranger Things: Chapter One: The Vanishing of Will Byers","17/06/2022"
"Friends: Season 5: The One with Ross's Sandwich","13/06/2022"
"Friends: Season 5: The One with All the Thanksgivings","13/06/2022"
"Friends: Season 5: The One Where Ross Moves In","13/06/2022"
"Friends: Season 5: The One with the Yeti","13/06/2022"
"Friends: Season 5: The One with the Kips","12/06/2022"
"Friends: Season 5: The One Where Phoebe Hates PBS","12/06/2022"
"Friends: Season 5: The One Hundredth","12/06/2022"
"365 Days","11/06/2022"
"Friends: Season 5: The One with All the Kissing","11/06/2022"
"Friends: Season 4: The One Where They're Going to Party","10/06/2022"
"Friends: Season 4: The One with the Free Porn","05/06/2022"
"Friends: Season 4: The One with the Fake Party","05/06/2022"
"Friends: Season 8: The One with the Cooking Class","04/06/2022"
"Krishna and His Leela","03/06/2022"
"Bridgerton: Season 2: Off to the Races","02/06/2022"
"Friends: Season 8: The One with the Baby Shower","02/06/2022"
"Bridgerton: Season 2: Capital R Rake","01/06/2022"
"Friends: Season 6: The One with the Ring","01/06/2022"
"Friends: Season 6: The One on the Last Night","01/06/2022"
"Bridgerton: Season 1: After the Rain","31/05/2022"
"Bridgerton: Season 1: Oceans Apart","29/05/2022"
"Friends: Season 4: The One with the Embryos","29/05/2022"
"Bridgerton: Season 1: Swish","29/05/2022"
"Jersey","26/05/2022"
"Friends: Season 3: The One with a Chick. And a Duck","21/05/2022"
"Friends: Season 3: The One with the Dollhouse","21/05/2022"
"Friends: Season 3: The One with the Tiny T-Shirt","20/05/2022"
"Bridgerton: Season 1: The Duke and I","20/05/2022"
"Bridgerton: Season 1: An Affair of Honor","19/05/2022"
"Bridgerton: Season 1: Art of the Swoon","17/05/2022"
"Bridgerton: Season 1: Shock and Delight","16/05/2022"
"Bridgerton: Season 1: Diamond of the First Water","15/05/2022"
"Friends: Season 3: The One The Morning After","13/05/2022"
"Friends: Season 3: The One Where Chandler Can't Remember Which Sister","13/05/2022"
"Friends: Season 1: The One Where Monica Gets a Roommate (Pilot)","13/05/2022"
